elapsed_s,cpu_pct,rss_mb,threads,ports
0,0.0,96.2,10,51
1,0.2,96.2,10,51
2,0.1,96.2,10,51
3,0.0,96.1,7,51
4,0.0,96.1,7,51
5,0.0,96.1,7,51
7,0.0,96.1,7,51
8,0.1,96.1,6,51
9,2.1,96.1,6,51
10,0.0,96.1,6,51
11,0.0,96.1,6,51
12,0.0,96.1,6,51
13,0.0,96.1,6,51
14,0.0,96.1,6,51
15,0.0,96.1,6,51
16,0.0,96.1,6,51
17,0.0,96.1,6,51
18,0.0,96.1,6,51
19,0.0,96.1,5,51
20,0.5,96.1,5,51
21,0.0,96.1,5,51
22,0.0,96.1,5,51
23,0.0,96.1,5,51
24,0.0,96.0,4,51
25,0.0,96.1,5,51
26,0.0,96.1,5,51
28,0.0,96.1,5,51
29,0.0,96.1,5,51
30,0.0,96.1,5,51
